,pv_count,pv_ratio,visit_count,visitor_count,new_visitor_count,new_visitor_ratio,ip_count,bounce_ratio,avg_visit_time,avg_visit_pages,trans_count,trans_ratio,visitor,date
0,208,13.75,5,2,2,100,1,40.0,1189,41.6,--,--,new,2020/04/01
1,111,7.34,3,3,3,100,3,33.33,729,37.0,--,--,new,2019/05/06
2,79,5.22,6,6,6,100,4,33.33,1209,13.17,--,--,new,2019/03/27
3,70,4.63,3,1,1,100,1,0.0,2836,23.33,--,--,new,2019/11/18
4,51,3.37,2,1,1,100,1,0.0,4388,25.5,--,--,new,2019/12/07
5,44,2.91,9,6,6,100,4,66.67,425,4.89,--,--,new,2020/02/28
6,40,2.64,7,6,6,100,5,57.14,286,5.71,--,--,new,2019/06/05
7,37,2.45,2,2,2,100,2,50.0,886,18.5,--,--,new,2019/08/12
8,29,1.92,4,3,3,100,2,50.0,1182,7.25,--,--,new,2019/11/26
9,28,1.85,1,1,1,100,1,0.0,3854,28.0,--,--,new,2019/09/08
10,25,1.65,9,8,8,100,9,55.56,182,2.78,--,--,new,2019/03/05
11,23,1.52,8,8,8,100,7,87.5,339,2.88,--,--,new,2019/06/25
12,22,1.45,4,4,4,100,4,50.0,305,5.5,--,--,new,2020/01/08
13,22,1.45,3,1,1,100,1,33.33,599,7.33,--,--,new,2020/03/20
14,22,1.45,2,1,1,100,1,0.0,2613,11.0,--,--,new,2019/11/08
15,21,1.39,4,4,4,100,4,50.0,783,5.25,--,--,new,2019/12/24
16,20,1.32,5,5,5,100,4,40.0,521,4.0,--,--,new,2020/01/09
17,20,1.32,2,1,1,100,1,50.0,4432,10.0,--,--,new,2020/02/14
18,20,1.32,5,3,3,100,4,0.0,128,4.0,--,--,new,2019/04/03
19,18,1.19,2,2,2,100,2,50.0,470,9.0,--,--,new,2019/11/06
20,17,1.12,3,2,2,100,2,66.67,729,5.67,--,--,new,2019/08/06
21,17,1.12,2,2,2,100,1,50.0,572,8.5,--,--,new,2020/03/13
22,16,1.06,2,2,2,100,1,50.0,1696,8.0,--,--,new,2019/08/24
23,16,1.06,2,2,2,100,1,50.0,1901,8.0,--,--,new,2019/11/14
24,16,1.06,1,1,1,100,1,0.0,833,16.0,--,--,new,2020/01/07
25,15,0.99,1,1,1,100,1,0.0,313,15.0,--,--,new,2019/09/17
26,14,0.93,2,1,1,100,1,50.0,985,7.0,--,--,new,2019/04/01
27,13,0.86,2,2,2,100,2,0.0,258,6.5,--,--,new,2019/04/15
28,12,0.79,1,1,1,100,1,0.0,685,12.0,--,--,new,2019/07/16
29,12,0.79,2,1,1,100,1,0.0,369,6.0,--,--,new,2019/09/17
30,11,0.73,1,1,1,100,1,0.0,236,11.0,--,--,new,2019/07/11
31,11,0.73,2,2,2,100,2,50.0,36,5.5,--,--,new,2019/05/29
32,11,0.73,3,3,3,100,3,66.67,23,3.67,--,--,new,2019/05/08
33,11,0.73,3,3,3,100,3,66.67,43,3.67,--,--,new,2019/05/11
34,10,0.66,2,2,2,100,2,50.0,52,5.0,--,--,new,2019/04/30
35,10,0.66,2,2,2,100,2,50.0,15,5.0,--,--,new,2019/04/18
36,10,0.66,2,2,2,100,1,50.0,30,5.0,--,--,new,2019/05/23
37,10,0.66,2,2,2,100,1,50.0,22,5.0,--,--,new,2019/05/17
38,10,0.66,2,2,2,100,2,50.0,27,5.0,--,--,new,2019/05/14
39,10,0.66,2,2,2,100,2,50.0,14,5.0,--,--,new,2019/04/24
40,9,0.59,2,1,1,100,1,0.0,806,4.5,--,--,new,2020/03/21
41,9,0.59,1,1,1,100,1,0.0,60,9.0,--,--,new,2019/04/27
42,9,0.59,2,2,2,100,2,50.0,20,4.5,--,--,new,2019/04/06
43,9,0.59,2,2,2,100,1,0.0,987,4.5,--,--,new,2019/11/19
44,9,0.59,1,1,1,100,1,0.0,15,9.0,--,--,new,2019/06/10
45,9,0.59,2,2,2,100,2,50.0,14,4.5,--,--,new,2019/05/02
46,9,0.59,1,1,1,100,1,0.0,287,9.0,--,--,new,2019/03/13
47,8,0.53,4,4,4,100,4,75.0,379,2.0,--,--,new,2019/03/12
48,8,0.53,4,3,3,100,4,75.0,120,2.0,--,--,new,2019/11/23
49,7,0.46,1,1,1,100,1,0.0,108,7.0,--,--,new,2020/02/29
50,7,0.46,1,1,1,100,1,0.0,760,7.0,--,--,new,2019/03/03
51,7,0.46,3,3,3,100,3,33.33,84,2.33,--,--,new,2020/03/30
52,7,0.46,1,1,1,100,1,0.0,101,7.0,--,--,new,2019/05/07
53,7,0.46,1,1,1,100,1,0.0,62,7.0,--,--,new,2019/03/30
54,7,0.46,3,2,2,100,2,66.67,500,2.33,--,--,new,2020/01/17
55,6,0.4,1,1,1,100,1,0.0,137,6.0,--,--,new,2019/05/22
56,6,0.4,2,2,2,100,2,50.0,96,3.0,--,--,new,2019/09/10
57,6,0.4,1,1,1,100,1,0.0,366,6.0,--,--,new,2020/02/11
58,6,0.4,1,1,1,100,1,0.0,2054,6.0,--,--,new,2019/11/20
59,6,0.4,5,4,4,100,2,80.0,507,1.2,--,--,new,2019/03/11
60,6,0.4,1,1,1,100,1,0.0,454,6.0,--,--,new,2019/08/13
61,5,0.33,5,5,5,100,5,100.0,120,1.0,--,--,new,2019/06/14
62,5,0.33,1,1,1,100,1,0.0,67,5.0,--,--,new,2019/08/29
63,5,0.33,1,1,1,100,1,0.0,946,5.0,--,--,new,2019/10/21
64,5,0.33,3,3,3,100,2,66.67,123,1.67,--,--,new,2019/03/02
65,5,0.33,2,2,2,100,1,50.0,90,2.5,--,--,new,2019/09/06
66,5,0.33,2,2,2,100,2,50.0,44,2.5,--,--,new,2019/05/20
67,5,0.33,1,1,1,100,1,0.0,129,5.0,--,--,new,2019/09/11
68,5,0.33,1,1,1,100,1,0.0,968,5.0,--,--,new,2019/12/05
69,4,0.26,4,4,4,100,1,100.0,120,1.0,--,--,new,2019/12/16
70,4,0.26,2,2,2,100,2,50.0,4,2.0,--,--,new,2019/05/26
71,4,0.26,1,1,1,100,1,0.0,1278,4.0,--,--,new,2019/08/16
72,4,0.26,3,3,3,100,3,66.67,97,1.33,--,--,new,2019/08/19
73,4,0.26,4,4,4,100,3,100.0,67,1.0,--,--,new,2019/11/04
74,4,0.26,4,4,4,100,1,100.0,120,1.0,--,--,new,2019/12/28
75,4,0.26,2,2,2,100,2,0.0,790,2.0,--,--,new,2019/06/04
76,4,0.26,4,4,4,100,1,100.0,120,1.0,--,--,new,2019/12/21
77,4,0.26,1,1,1,100,1,0.0,423,4.0,--,--,new,2019/10/07
78,3,0.2,1,1,1,100,1,0.0,36,3.0,--,--,new,2019/03/01
79,3,0.2,3,3,3,100,3,100.0,120,1.0,--,--,new,2019/06/17
80,3,0.2,3,3,3,100,3,100.0,4,1.0,--,--,new,2020/03/02
81,3,0.2,2,2,2,100,2,50.0,777,1.5,--,--,new,2020/03/04
82,3,0.2,1,1,1,100,1,0.0,41,3.0,--,--,new,2019/05/31
83,3,0.2,1,1,1,100,1,0.0,58,3.0,--,--,new,2020/01/15
84,3,0.2,3,3,3,100,3,100.0,120,1.0,--,--,new,2019/06/15
85,3,0.2,1,1,1,100,1,0.0,302,3.0,--,--,new,2019/07/19
86,3,0.2,1,1,1,100,1,0.0,972,3.0,--,--,new,2020/02/26
87,3,0.2,3,3,3,100,1,100.0,120,1.0,--,--,new,2019/11/01
88,3,0.2,1,1,1,100,1,0.0,84,3.0,--,--,new,2020/03/31
89,3,0.2,3,3,3,100,2,100.0,83,1.0,--,--,new,2019/12/17
90,3,0.2,1,1,1,100,1,0.0,611,3.0,--,--,new,2019/10/06
91,3,0.2,3,3,3,100,3,100.0,83,1.0,--,--,new,2019/08/09
92,3,0.2,1,1,1,100,1,0.0,24,3.0,--,--,new,2019/10/04
93,2,0.13,1,1,1,100,1,0.0,74,2.0,--,--,new,2019/06/09
94,2,0.13,2,2,2,100,2,100.0,4,1.0,--,--,new,2020/03/10
95,2,0.13,2,2,2,100,2,100.0,120,1.0,--,--,new,2019/06/16
96,2,0.13,2,2,2,100,1,100.0,120,1.0,--,--,new,2019/12/27
97,2,0.13,1,1,1,100,1,0.0,1395,2.0,--,--,new,2019/08/01
98,2,0.13,1,1,1,100,1,0.0,275,2.0,--,--,new,2019/08/10
99,2,0.13,2,2,2,100,1,100.0,120,1.0,--,--,new,2019/12/14
100,2,0.13,2,2,2,100,1,100.0,120,1.0,--,--,new,2019/06/06
101,2,0.13,2,2,2,100,2,100.0,120,1.0,--,--,new,2019/06/20
102,2,0.13,1,1,1,100,1,0.0,90,2.0,--,--,new,2019/08/30
103,2,0.13,2,1,1,100,2,100.0,120,1.0,--,--,new,2020/03/23
104,2,0.13,1,1,1,100,1,0.0,90,2.0,--,--,new,2019/06/24
105,2,0.13,1,1,1,100,1,0.0,132,2.0,--,--,new,2019/06/13
106,2,0.13,2,2,2,100,1,100.0,120,1.0,--,--,new,2020/03/17
107,2,0.13,2,2,2,100,2,100.0,64,1.0,--,--,new,2019/12/19
108,2,0.13,2,2,2,100,1,100.0,120,1.0,--,--,new,2020/01/05
109,2,0.13,2,2,2,100,1,100.0,120,1.0,--,--,new,2020/02/09
110,2,0.13,2,2,2,100,1,100.0,120,1.0,--,--,new,2019/11/24
111,2,0.13,1,1,1,100,1,0.0,40,2.0,--,--,new,2020/01/21
112,2,0.13,2,2,2,100,1,100.0,120,1.0,--,--,new,2019/12/29
113,2,0.13,1,1,1,100,1,0.0,25,2.0,--,--,new,2019/07/31
114,1,0.07,1,1,1,100,1,100.0,120,1.0,--,--,new,2020/03/22
115,1,0.07,1,1,1,100,1,100.0,120,1.0,--,--,new,2019/10/08
116,1,0.07,1,1,1,100,1,100.0,120,1.0,--,--,new,2020/03/16
117,1,0.07,1,1,1,100,1,100.0,47,1.0,--,--,new,2019/03/04
118,1,0.07,1,1,1,100,1,100.0,15,1.0,--,--,new,2019/03/11
119,1,0.07,1,1,1,100,1,100.0,142,1.0,--,--,new,2019/12/11
120,1,0.07,1,1,1,100,1,100.0,3,1.0,--,--,new,2020/03/06
121,1,0.07,1,1,1,100,1,100.0,120,1.0,--,--,new,2019/05/21
122,1,0.07,1,1,1,100,1,100.0,4,1.0,--,--,new,2019/08/02
123,1,0.07,1,1,1,100,1,100.0,33,1.0,--,--,new,2019/09/20
124,1,0.07,1,1,1,100,1,100.0,120,1.0,--,--,new,2019/09/05
125,1,0.07,1,1,1,100,1,100.0,120,1.0,--,--,new,2019/11/10
126,1,0.07,1,1,1,100,1,100.0,120,1.0,--,--,new,2019/03/15
127,1,0.07,1,1,1,100,1,100.0,120,1.0,--,--,new,2019/07/29
128,1,0.07,1,1,1,100,1,100.0,782,1.0,--,--,new,2020/03/26
129,1,0.07,1,1,1,100,1,100.0,1,1.0,--,--,new,2019/06/19
130,1,0.07,1,1,1,100,1,100.0,120,1.0,--,--,new,2020/02/01
131,1,0.07,1,1,1,100,1,100.0,120,1.0,--,--,new,2019/08/07
132,1,0.07,1,1,1,100,1,100.0,120,1.0,--,--,new,2020/01/20
133,1,0.07,1,1,1,100,1,100.0,120,1.0,--,--,new,2019/11/16
134,1,0.07,1,1,1,100,1,100.0,38,1.0,--,--,new,2019/12/24
135,1,0.07,1,1,1,100,1,100.0,56,1.0,--,--,new,2020/02/13
136,1,0.07,1,1,1,100,1,100.0,3,1.0,--,--,new,2020/01/22
137,1,0.07,1,1,1,100,1,100.0,120,1.0,--,--,new,2020/03/25
138,1,0.07,1,1,1,100,1,100.0,120,1.0,--,--,new,2020/04/02
139,1,0.07,1,1,1,100,1,100.0,120,1.0,--,--,new,2019/11/09
140,1,0.07,1,1,1,100,1,100.0,3,1.0,--,--,new,2019/12/23
141,1,0.07,1,1,1,100,1,100.0,1189,1.0,--,--,new,2019/10/03
142,1,0.07,1,1,1,100,1,100.0,120,1.0,--,--,new,2020/01/04
143,1,0.07,1,1,1,100,1,100.0,120,1.0,--,--,new,2019/09/29
144,1,0.07,1,1,1,100,1,100.0,6,1.0,--,--,new,2019/07/03
0,275,1.93,7,4,0,0,4,0,2873,39.29,--,--,old,2019/12/03
1,230,1.62,9,6,0,0,5,22.22,2211,25.56,--,--,old,2019/11/06
2,206,1.45,4,1,0,0,1,0,6288,51.5,--,--,old,2019/07/30
3,172,1.21,10,3,0,0,3,30,1937,17.2,--,--,old,2019/03/28
4,172,1.21,9,3,0,0,3,11.11,2008,19.11,--,--,old,2019/09/02
5,170,1.2,7,4,0,0,4,0,2652,24.29,--,--,old,2019/12/09
6,158,1.11,10,4,0,0,4,10,2460,15.8,--,--,old,2019/08/20
7,154,1.08,10,6,0,0,6,20,1322,15.4,--,--,old,2019/04/03
8,152,1.07,12,6,0,0,6,8.33,1082,12.67,--,--,old,2019/08/16
9,143,1.01,3,2,0,0,2,0,5509,47.67,--,--,old,2019/12/11
10,140,0.98,7,5,0,0,4,28.57,2035,20.0,--,--,old,2019/09/04
11,133,0.94,4,2,0,0,2,50,2240,33.25,--,--,old,2019/12/08
12,130,0.91,5,3,0,0,3,0,2806,26.0,--,--,old,2019/05/05
13,127,0.89,8,3,0,0,4,12.5,1752,15.88,--,--,old,2019/09/23
14,125,0.88,6,3,0,0,3,0,1940,20.83,--,--,old,2019/12/25
15,124,0.87,8,4,0,0,4,12.5,2791,15.5,--,--,old,2019/09/16
16,122,0.86,6,2,0,0,2,16.67,1620,20.33,--,--,old,2019/11/04
17,119,0.84,3,2,0,0,2,33.33,4946,39.67,--,--,old,2019/05/12
18,118,0.83,14,6,0,0,6,28.57,1099,8.43,--,--,old,2019/09/17
19,115,0.81,10,8,0,0,7,0,1218,11.5,--,--,old,2019/08/29
20,113,0.79,7,4,0,0,4,14.29,1536,16.14,--,--,old,2019/11/01
21,110,0.77,12,6,0,0,5,16.67,1364,9.17,--,--,old,2019/11/12
22,107,0.75,3,2,0,0,2,0,4292,35.67,--,--,old,2019/05/09
23,103,0.72,6,3,0,0,3,50,2101,17.17,--,--,old,2020/01/07
24,102,0.72,6,4,0,0,4,33.33,2108,17.0,--,--,old,2019/04/14
25,101,0.71,6,4,0,0,5,0,2240,16.83,--,--,old,2019/11/27
26,100,0.7,1,1,0,0,1,0,11238,100.0,--,--,old,2019/12/07
27,99,0.7,5,2,0,0,2,0,1720,19.8,--,--,old,2019/04/09
28,99,0.7,4,2,0,0,2,0,2577,24.75,--,--,old,2019/04/28
29,95,0.67,4,1,0,0,1,0,2937,23.75,--,--,old,2019/07/20
30,94,0.66,6,2,0,0,2,0,2966,15.67,--,--,old,2019/11/30
31,94,0.66,6,6,0,0,6,33.33,1724,15.67,--,--,old,2019/04/15
32,92,0.65,12,2,0,0,2,25,1424,7.67,--,--,old,2020/03/16
33,91,0.64,7,4,0,0,4,28.57,1469,13.0,--,--,old,2019/10/24
34,90,0.63,5,2,0,0,2,0,1753,18.0,--,--,old,2019/09/06
35,89,0.63,9,3,0,0,4,22.22,2806,9.89,--,--,old,2019/03/27
36,86,0.6,2,1,0,0,1,0,4394,43.0,--,--,old,2019/10/20
37,86,0.6,3,3,0,0,3,0,3789,28.67,--,--,old,2019/12/01
38,85,0.6,4,3,0,0,3,25,2625,21.25,--,--,old,2019/07/12
39,84,0.59,8,3,0,0,3,12.5,734,10.5,--,--,old,2019/08/23
40,84,0.59,8,4,0,0,4,25,917,10.5,--,--,old,2019/12/05
41,82,0.58,8,5,0,0,5,0,1424,10.25,--,--,old,2019/08/19
42,81,0.57,3,3,0,0,3,33.33,3832,27.0,--,--,old,2019/04/21
43,80,0.56,6,3,0,0,3,16.67,2378,13.33,--,--,old,2019/06/13
44,80,0.56,3,2,0,0,2,33.33,1600,26.67,--,--,old,2019/11/02
45,80,0.56,4,2,0,0,2,0,4648,20.0,--,--,old,2020/03/18
46,79,0.56,4,2,0,0,2,0,1175,19.75,--,--,old,2019/10/14
47,78,0.55,7,5,0,0,4,28.57,2133,11.14,--,--,old,2019/08/21
48,77,0.54,3,2,0,0,2,0,1629,25.67,--,--,old,2019/08/31
49,76,0.53,5,4,0,0,4,20,2907,15.2,--,--,old,2019/12/26
50,76,0.53,5,1,0,0,1,20,1821,15.2,--,--,old,2019/09/03
51,76,0.53,4,3,0,0,3,25,3402,19.0,--,--,old,2019/06/22
52,75,0.53,4,3,0,0,3,0,3036,18.75,--,--,old,2019/06/02
53,74,0.52,8,4,0,0,4,25,1773,9.25,--,--,old,2019/08/13
54,74,0.52,6,4,0,0,4,50,2098,12.33,--,--,old,2019/05/29
55,72,0.51,3,1,0,0,1,0,2507,24.0,--,--,old,2019/04/10
56,72,0.51,4,2,0,0,2,0,2942,18.0,--,--,old,2019/07/21
57,72,0.51,5,2,0,0,2,20,2042,14.4,--,--,old,2019/04/02
58,72,0.51,8,2,0,0,3,0,1051,9.0,--,--,old,2020/01/09
59,71,0.5,9,6,0,0,6,33.33,801,7.89,--,--,old,2019/12/23
60,71,0.5,8,5,0,0,5,12.5,1044,8.88,--,--,old,2020/01/06
61,70,0.49,9,5,0,0,5,11.11,538,7.78,--,--,old,2019/09/19
62,68,0.48,5,5,0,0,5,40,2909,13.6,--,--,old,2019/06/12
63,68,0.48,5,4,0,0,4,0,1594,13.6,--,--,old,2019/07/23
64,67,0.47,5,3,0,0,3,20,1614,13.4,--,--,old,2019/10/16
65,67,0.47,6,2,0,0,2,16.67,1847,11.17,--,--,old,2019/10/26
66,67,0.47,8,5,0,0,5,12.5,184,8.38,--,--,old,2019/10/21
67,67,0.47,5,2,0,0,2,0,1763,13.4,--,--,old,2019/10/18
68,67,0.47,4,3,0,0,3,0,906,16.75,--,--,old,2019/08/09
69,67,0.47,5,5,0,0,5,20,1608,13.4,--,--,old,2019/09/12
70,66,0.46,4,3,0,0,3,0,1778,16.5,--,--,old,2019/05/31
71,66,0.46,8,3,0,0,3,50,391,8.25,--,--,old,2019/12/27
72,66,0.46,3,3,0,0,3,33.33,968,22.0,--,--,old,2019/05/07
73,64,0.45,3,3,0,0,3,0,2882,21.33,--,--,old,2019/05/08
74,64,0.45,7,1,0,0,1,14.29,2149,9.14,--,--,old,2020/03/20
75,63,0.44,7,3,0,0,3,14.29,994,9.0,--,--,old,2019/11/08
76,63,0.44,3,2,0,0,2,0,2635,21.0,--,--,old,2019/04/26
77,62,0.44,2,1,0,0,1,0,5740,31.0,--,--,old,2019/04/18
78,62,0.44,10,6,0,0,6,0,1011,6.2,--,--,old,2019/11/29
79,61,0.43,6,3,0,0,3,16.67,2234,10.17,--,--,old,2020/03/24
80,61,0.43,5,3,0,0,3,20,794,12.2,--,--,old,2019/05/04
81,60,0.42,2,1,0,0,1,0,3152,30.0,--,--,old,2019/12/22
82,60,0.42,7,1,0,0,1,28.57,1652,8.57,--,--,old,2020/03/25
83,60,0.42,6,3,0,0,4,16.67,1056,10.0,--,--,old,2019/12/04
84,59,0.41,6,3,0,0,3,0,1494,9.83,--,--,old,2019/10/12
85,59,0.41,7,4,0,0,4,14.29,707,8.43,--,--,old,2019/10/08
86,58,0.41,2,2,0,0,2,50,3599,29.0,--,--,old,2019/11/07
87,58,0.41,6,3,0,0,3,33.33,885,9.67,--,--,old,2019/10/30
88,58,0.41,2,1,0,0,1,0,1488,29.0,--,--,old,2019/03/27
89,58,0.41,6,4,0,0,4,16.67,808,9.67,--,--,old,2019/08/28
90,58,0.41,5,3,0,0,3,0,1598,11.6,--,--,old,2019/04/08
91,57,0.4,5,3,0,0,4,0,1774,11.4,--,--,old,2019/12/13
92,57,0.4,4,3,0,0,3,25,1818,14.25,--,--,old,2019/07/19
93,56,0.39,6,3,0,0,3,16.67,1304,9.33,--,--,old,2019/11/11
94,56,0.39,3,1,0,0,1,0,6219,18.67,--,--,old,2020/03/17
95,55,0.39,2,2,0,0,2,0,2306,27.5,--,--,old,2019/05/17
96,54,0.38,4,2,0,0,1,0,2274,13.5,--,--,old,2019/05/22
97,54,0.38,6,4,0,0,5,0,950,9.0,--,--,old,2019/09/27
98,53,0.37,5,5,0,0,5,0,741,10.6,--,--,old,2019/08/15
99,52,0.37,9,6,0,0,7,44.44,1067,5.78,--,--,old,2019/03/12
100,52,0.37,4,3,0,0,3,25,1998,13.0,--,--,old,2019/11/25
101,52,0.37,6,4,0,0,4,50,1182,8.67,--,--,old,2019/07/31
102,52,0.37,11,4,0,0,2,36.36,553,4.73,--,--,old,2020/02/25
103,51,0.36,4,3,0,0,3,0,1342,12.75,--,--,old,2019/07/17
104,51,0.36,4,2,0,0,2,0,2894,12.75,--,--,old,2019/10/31
105,51,0.36,13,5,0,0,5,30.77,588,3.92,--,--,old,2019/03/11
106,50,0.35,2,2,0,0,2,50,5106,25.0,--,--,old,2019/04/25
107,50,0.35,7,4,0,0,4,42.86,465,7.14,--,--,old,2019/12/24
108,49,0.34,5,3,0,0,3,20,1824,9.8,--,--,old,2019/09/05
109,49,0.34,4,2,0,0,2,0,2340,12.25,--,--,old,2020/03/21
110,48,0.34,7,4,0,0,4,28.57,1035,6.86,--,--,old,2019/09/07
111,47,0.33,2,2,0,0,2,0,3365,23.5,--,--,old,2020/02/24
112,47,0.33,6,3,0,0,3,0,1341,7.83,--,--,old,2020/01/02
113,47,0.33,7,4,0,0,4,14.29,317,6.71,--,--,old,2019/10/28
114,47,0.33,12,5,0,0,5,33.33,832,3.92,--,--,old,2019/11/28
115,46,0.32,2,1,0,0,1,0,3426,23.0,--,--,old,2019/12/21
116,46,0.32,9,4,0,0,3,11.11,1492,5.11,--,--,old,2019/05/26
117,46,0.32,6,4,0,0,4,16.67,1021,7.67,--,--,old,2020/03/30
118,45,0.32,3,2,0,0,2,0,4566,15.0,--,--,old,2019/04/04
119,45,0.32,5,2,0,0,2,0,1552,9.0,--,--,old,2020/03/12
120,45,0.32,5,4,0,0,5,20,1445,9.0,--,--,old,2019/09/09
121,45,0.32,3,2,0,0,2,0,1734,15.0,--,--,old,2020/03/22
122,43,0.3,5,3,0,0,3,0,512,8.6,--,--,old,2019/08/24
123,43,0.3,9,5,0,0,4,44.44,617,4.78,--,--,old,2020/03/26
124,43,0.3,2,1,0,0,1,0,3118,21.5,--,--,old,2019/04/22
125,43,0.3,6,3,0,0,2,16.67,1786,7.17,--,--,old,2019/05/23
126,42,0.3,5,5,0,0,5,40,640,8.4,--,--,old,2019/07/25
127,42,0.3,8,5,0,0,5,12.5,886,5.25,--,--,old,2019/08/26
128,41,0.29,7,2,0,0,2,0,883,5.86,--,--,old,2019/11/05
129,41,0.29,6,6,0,0,6,16.67,749,6.83,--,--,old,2020/01/08
130,40,0.28,4,3,0,0,2,0,2633,10.0,--,--,old,2019/05/28
131,40,0.28,7,3,0,0,3,14.29,996,5.71,--,--,old,2019/06/05
132,39,0.27,5,3,0,0,3,20,535,7.8,--,--,old,2020/01/22
133,39,0.27,6,3,0,0,3,33.33,724,6.5,--,--,old,2019/08/30
134,39,0.27,4,1,0,0,1,0,981,9.75,--,--,old,2019/07/07
135,39,0.27,1,1,0,0,1,0,6867,39.0,--,--,old,2019/09/08
136,39,0.27,7,3,0,0,3,28.57,413,5.57,--,--,old,2019/08/01
137,39,0.27,7,4,0,0,4,28.57,1144,5.57,--,--,old,2019/06/04
138,39,0.27,5,1,0,0,1,20,2254,7.8,--,--,old,2020/03/19
139,38,0.27,3,3,0,0,3,66.67,1315,12.67,--,--,old,2019/12/16
140,38,0.27,6,2,0,0,2,16.67,1298,6.33,--,--,old,2019/08/05
141,37,0.26,1,1,0,0,1,0,5212,37.0,--,--,old,2019/04/19
142,37,0.26,4,2,0,0,2,25,317,9.25,--,--,old,2019/11/21
143,37,0.26,7,5,0,0,5,28.57,956,5.29,--,--,old,2019/06/15
144,36,0.25,2,2,0,0,2,0,2110,18.0,--,--,old,2019/03/26
145,36,0.25,5,2,0,0,2,40,786,7.2,--,--,old,2019/07/14
146,35,0.25,6,3,0,0,3,50,746,5.83,--,--,old,2019/12/10
147,35,0.25,5,2,0,0,2,20,1542,7.0,--,--,old,2019/12/14
148,34,0.24,3,2,0,0,2,0,3134,11.33,--,--,old,2019/08/22
149,34,0.24,3,2,0,0,2,33.33,2640,11.33,--,--,old,2019/04/17
150,34,0.24,4,2,0,0,2,25,1300,8.5,--,--,old,2019/06/18
151,34,0.24,5,3,0,0,3,40,856,6.8,--,--,old,2019/06/06
152,34,0.24,2,2,0,0,2,0,2244,17.0,--,--,old,2019/11/19
153,34,0.24,2,2,0,0,2,0,4401,17.0,--,--,old,2019/07/08
154,34,0.24,6,4,0,0,4,16.67,736,5.67,--,--,old,2019/11/13
155,33,0.23,7,4,0,0,4,0,276,4.71,--,--,old,2019/11/22
156,33,0.23,1,1,0,0,1,0,6861,33.0,--,--,old,2019/08/03
157,33,0.23,4,3,0,0,3,0,1787,8.25,--,--,old,2019/12/02
158,32,0.23,6,4,0,0,5,16.67,874,5.33,--,--,old,2019/11/26
159,32,0.23,3,2,0,0,3,0,2012,10.67,--,--,old,2019/10/22
160,32,0.23,7,2,0,0,2,0,1158,4.57,--,--,old,2019/03/15
161,31,0.22,2,2,0,0,1,0,2780,15.5,--,--,old,2019/05/20
162,31,0.22,5,4,0,0,4,40,876,6.2,--,--,old,2019/08/06
163,30,0.21,2,2,0,0,2,50,2441,15.0,--,--,old,2019/04/20
164,30,0.21,5,3,0,0,3,40,500,6.0,--,--,old,2019/08/08
165,29,0.2,5,3,0,0,3,20,628,5.8,--,--,old,2020/04/03
166,29,0.2,3,2,0,0,2,0,727,9.67,--,--,old,2020/01/17
167,28,0.2,3,2,0,0,2,33.33,742,9.33,--,--,old,2020/02/05
168,28,0.2,4,1,0,0,1,0,821,7.0,--,--,old,2019/07/09
169,28,0.2,7,4,0,0,3,28.57,378,4.0,--,--,old,2019/09/10
170,28,0.2,2,2,0,0,2,0,1065,14.0,--,--,old,2019/04/16
171,28,0.2,7,3,0,0,3,28.57,638,4.0,--,--,old,2019/07/24
172,28,0.2,7,3,0,0,3,57.14,1008,4.0,--,--,old,2019/12/20
173,28,0.2,6,2,0,0,2,50,588,4.67,--,--,old,2019/10/11
174,27,0.19,4,4,0,0,4,0,1736,6.75,--,--,old,2019/12/30
175,27,0.19,4,2,0,0,2,50,2099,6.75,--,--,old,2020/01/05
176,27,0.19,3,2,0,0,2,0,525,9.0,--,--,old,2020/03/09
177,27,0.19,1,1,0,0,1,0,5134,27.0,--,--,old,2020/02/11
178,26,0.18,2,2,0,0,2,0,1482,13.0,--,--,old,2019/11/14
179,26,0.18,4,1,0,0,1,25,1065,6.5,--,--,old,2020/02/23
180,26,0.18,3,3,0,0,3,0,1251,8.67,--,--,old,2019/09/11
181,26,0.18,4,3,0,0,3,25,526,6.5,--,--,old,2020/01/21
182,26,0.18,4,2,0,0,2,50,1295,6.5,--,--,old,2019/06/10
183,26,0.18,2,2,0,0,2,0,1372,13.0,--,--,old,2019/10/23
184,26,0.18,2,2,0,0,2,0,1493,13.0,--,--,old,2019/06/16
185,26,0.18,2,2,0,0,2,0,206,13.0,--,--,old,2019/06/20
186,26,0.18,3,3,0,0,3,33.33,1382,8.67,--,--,old,2019/10/10
187,26,0.18,9,4,0,0,6,33.33,456,2.89,--,--,old,2019/03/08
188,26,0.18,6,3,0,0,3,16.67,644,4.33,--,--,old,2020/02/27
189,25,0.18,4,2,0,0,2,25,1374,6.25,--,--,old,2019/08/12
190,25,0.18,6,3,0,0,3,33.33,807,4.17,--,--,old,2019/10/27
191,25,0.18,5,3,0,0,3,0,618,5.0,--,--,old,2019/08/14
192,25,0.18,3,3,0,0,3,0,1475,8.33,--,--,old,2019/06/27
193,25,0.18,4,4,0,0,4,50,1057,6.25,--,--,old,2019/12/19
194,25,0.18,2,2,0,0,2,0,2770,12.5,--,--,old,2020/01/12
195,24,0.17,3,1,0,0,1,0,247,8.0,--,--,old,2019/11/09
196,24,0.17,7,4,0,0,3,57.14,928,3.43,--,--,old,2020/03/23
197,23,0.16,1,1,0,0,1,0,1580,23.0,--,--,old,2019/05/09
198,23,0.16,3,3,0,0,3,33.33,139,7.67,--,--,old,2019/09/21
199,22,0.15,4,1,0,0,1,0,672,5.5,--,--,old,2020/02/13
200,22,0.15,3,1,0,0,1,0,1066,7.33,--,--,old,2019/04/27
201,22,0.15,4,2,0,0,2,0,908,5.5,--,--,old,2020/01/11
202,21,0.15,2,1,0,0,1,0,2100,10.5,--,--,old,2019/05/19
203,21,0.15,1,1,0,0,1,0,6503,21.0,--,--,old,2020/02/06
204,21,0.15,4,2,0,0,1,0,1288,5.25,--,--,old,2019/06/14
205,20,0.14,5,3,0,0,3,40,934,4.0,--,--,old,2020/02/26
206,20,0.14,4,3,0,0,3,75,704,5.0,--,--,old,2019/07/16
207,20,0.14,2,2,0,0,2,50,197,10.0,--,--,old,2019/07/02
208,19,0.13,2,2,0,0,2,0,1599,9.5,--,--,old,2019/07/26
209,19,0.13,8,4,0,0,4,50,729,2.38,--,--,old,2019/03/13
210,19,0.13,2,1,0,0,1,0,1764,9.5,--,--,old,2020/01/16
211,19,0.13,2,2,0,0,2,0,656,9.5,--,--,old,2020/02/12
212,19,0.13,3,1,0,0,1,66.67,863,6.33,--,--,old,2020/02/28
213,19,0.13,2,2,0,0,2,0,200,9.5,--,--,old,2020/01/10
214,19,0.13,1,1,0,0,1,0,3566,19.0,--,--,old,2019/10/17
215,18,0.13,5,5,0,0,5,40,197,3.6,--,--,old,2019/12/31
216,18,0.13,3,3,0,0,3,33.33,1126,6.0,--,--,old,2019/03/03
217,18,0.13,1,1,0,0,1,0,1395,18.0,--,--,old,2019/10/02
218,18,0.13,1,1,0,0,1,0,3144,18.0,--,--,old,2019/04/04
219,18,0.13,7,3,0,0,3,57.14,148,2.57,--,--,old,2020/01/20
220,18,0.13,5,2,0,0,2,60,321,3.6,--,--,old,2020/01/03
221,18,0.13,2,2,0,0,2,0,2463,9.0,--,--,old,2019/04/01
222,18,0.13,4,3,0,0,3,25,469,4.5,--,--,old,2020/01/30
223,17,0.12,3,2,0,0,2,33.33,870,5.67,--,--,old,2019/10/13
224,17,0.12,8,3,0,0,3,75,354,2.13,--,--,old,2019/03/05
225,17,0.12,3,1,0,0,1,0,247,5.67,--,--,old,2019/05/01
226,17,0.12,2,1,0,0,1,0,1698,8.5,--,--,old,2019/09/29
227,17,0.12,1,1,0,0,1,0,3043,17.0,--,--,old,2019/08/25
228,17,0.12,6,3,0,0,3,33.33,701,2.83,--,--,old,2019/09/24
229,17,0.12,3,2,0,0,2,0,131,5.67,--,--,old,2019/07/22
230,16,0.11,1,1,0,0,1,0,806,16.0,--,--,old,2019/12/18
231,16,0.11,3,2,0,0,2,0,296,5.33,--,--,old,2020/03/31
232,15,0.11,4,3,0,0,3,0,259,3.75,--,--,old,2019/06/03
233,15,0.11,5,4,0,0,4,20,234,3.0,--,--,old,2019/08/27
234,15,0.11,5,4,0,0,4,20,133,3.0,--,--,old,2019/06/24
235,15,0.11,1,1,0,0,1,0,5300,15.0,--,--,old,2019/07/05
236,15,0.11,3,2,0,0,2,33.33,262,5.0,--,--,old,2019/11/20
237,15,0.11,5,4,0,0,4,60,604,3.0,--,--,old,2019/12/12
238,15,0.11,5,2,0,0,2,60,456,3.0,--,--,old,2020/02/28
239,15,0.11,3,3,0,0,3,66.67,277,5.0,--,--,old,2019/07/15
240,14,0.1,2,1,0,0,1,0,383,7.0,--,--,old,2020/03/05
241,14,0.1,4,2,0,0,2,25,648,3.5,--,--,old,2019/12/17
242,14,0.1,2,2,0,0,2,50,807,7.0,--,--,old,2020/02/16
243,14,0.1,1,1,0,0,1,0,404,14.0,--,--,old,2019/03/31
244,14,0.1,3,2,0,0,2,0,805,4.67,--,--,old,2019/09/30
245,14,0.1,4,3,0,0,3,50,553,3.5,--,--,old,2019/08/17
246,14,0.1,3,3,0,0,3,66.67,267,4.67,--,--,old,2020/01/04
247,14,0.1,3,2,0,0,2,0,628,4.67,--,--,old,2020/01/19
248,13,0.09,5,3,0,0,3,60,701,2.6,--,--,old,2019/03/01
249,13,0.09,5,2,0,0,2,20,391,2.6,--,--,old,2020/03/13
250,13,0.09,2,1,0,0,1,50,1633,6.5,--,--,old,2019/06/12
251,13,0.09,3,1,0,0,1,33.33,1119,4.33,--,--,old,2019/05/30
252,13,0.09,4,2,0,0,2,0,390,3.25,--,--,old,2019/05/25
253,13,0.09,4,4,0,0,4,50,676,3.25,--,--,old,2019/08/02
254,13,0.09,3,2,0,0,2,33.33,673,4.33,--,--,old,2019/07/13
255,13,0.09,2,2,0,0,2,0,245,6.5,--,--,old,2019/04/13
256,12,0.08,3,1,0,0,1,66.67,171,4.0,--,--,old,2019/12/28
257,12,0.08,1,1,0,0,1,0,1263,12.0,--,--,old,2019/05/11
258,12,0.08,2,2,0,0,2,0,1118,6.0,--,--,old,2019/09/18
259,12,0.08,6,2,0,0,3,66.67,293,2.0,--,--,old,2019/03/02
260,12,0.08,12,12,0,0,2,100,120,1.0,--,--,old,2019/08/07
261,12,0.08,2,2,0,0,2,50,1011,6.0,--,--,old,2019/12/06
262,12,0.08,2,2,0,0,2,50,941,6.0,--,--,old,2019/06/11
263,12,0.08,1,1,0,0,1,0,1234,12.0,--,--,old,2019/07/11
264,12,0.08,1,1,0,0,1,0,1373,12.0,--,--,old,2019/07/15
265,12,0.08,2,2,0,0,2,50,265,6.0,--,--,old,2020/04/02
266,12,0.08,1,1,0,0,1,0,1577,12.0,--,--,old,2020/02/03
267,12,0.08,2,2,0,0,2,50,1254,6.0,--,--,old,2020/02/10
268,12,0.08,2,2,0,0,2,0,320,6.0,--,--,old,2019/06/09
269,12,0.08,1,1,0,0,1,0,3864,12.0,--,--,old,2019/05/21
270,11,0.08,4,1,0,0,1,0,840,2.75,--,--,old,2020/03/15
271,11,0.08,2,2,0,0,2,50,577,5.5,--,--,old,2020/03/28
272,11,0.08,2,2,0,0,2,0,1081,5.5,--,--,old,2020/03/06
273,10,0.07,2,1,0,0,1,0,186,5.0,--,--,old,2019/07/04
274,10,0.07,2,2,0,0,2,0,51,5.0,--,--,old,2019/07/18
275,10,0.07,4,2,0,0,2,25,582,2.5,--,--,old,2019/11/24
276,10,0.07,1,1,0,0,1,0,783,10.0,--,--,old,2019/06/26
277,10,0.07,1,1,0,0,1,0,2198,10.0,--,--,old,2019/10/09
278,10,0.07,3,2,0,0,2,33.33,255,3.33,--,--,old,2019/10/29
279,10,0.07,3,3,0,0,3,33.33,496,3.33,--,--,old,2019/06/19
280,10,0.07,2,2,0,0,2,0,655,5.0,--,--,old,2019/11/18
281,10,0.07,1,1,0,0,1,0,1268,10.0,--,--,old,2019/11/15
282,9,0.06,2,2,0,0,2,0,52,4.5,--,--,old,2019/06/29
283,9,0.06,1,1,0,0,1,0,789,9.0,--,--,old,2019/06/21
284,9,0.06,1,1,0,0,1,0,177,9.0,--,--,old,2019/11/16
285,9,0.06,2,2,0,0,2,0,147,4.5,--,--,old,2020/02/04
286,9,0.06,4,2,0,0,3,50,36,2.25,--,--,old,2019/03/29
287,9,0.06,3,2,0,0,2,0,144,3.0,--,--,old,2019/06/28
288,9,0.06,2,2,0,0,2,0,860,4.5,--,--,old,2019/04/05
289,9,0.06,2,2,0,0,2,50,216,4.5,--,--,old,2020/03/11
290,9,0.06,4,2,0,0,1,50,50,2.25,--,--,old,2019/04/23
291,9,0.06,2,2,0,0,2,0,56,4.5,--,--,old,2019/11/10
292,8,0.06,2,2,0,0,2,50,818,4.0,--,--,old,2019/06/06
293,8,0.06,1,1,0,0,1,0,3122,8.0,--,--,old,2020/04/02
294,8,0.06,1,1,0,0,1,0,2129,8.0,--,--,old,2020/01/23
295,8,0.06,1,1,0,0,1,0,465,8.0,--,--,old,2019/06/26
296,8,0.06,1,1,0,0,1,0,1269,8.0,--,--,old,2020/02/01
297,8,0.06,4,2,0,0,2,50,85,2.0,--,--,old,2019/03/09
298,7,0.05,3,3,0,0,3,0,52,2.33,--,--,old,2019/03/07
299,7,0.05,3,3,0,0,3,0,78,2.33,--,--,old,2019/08/10
300,7,0.05,3,2,0,0,2,0,128,2.33,--,--,old,2019/03/06
301,7,0.05,1,1,0,0,1,0,218,7.0,--,--,old,2019/09/01
302,7,0.05,1,1,0,0,1,0,435,7.0,--,--,old,2020/02/19
303,7,0.05,3,2,0,0,2,66.67,88,2.33,--,--,old,2019/05/14
304,7,0.05,3,3,0,0,3,33.33,31,2.33,--,--,old,2019/07/29
305,7,0.05,4,1,0,0,1,50,590,1.75,--,--,old,2019/03/30
306,7,0.05,2,2,0,0,2,50,629,3.5,--,--,old,2019/12/15
307,7,0.05,1,1,0,0,1,0,312,7.0,--,--,old,2019/05/27
308,7,0.05,3,2,0,0,2,33.33,101,2.33,--,--,old,2019/08/18
309,7,0.05,1,1,0,0,1,0,74,7.0,--,--,old,2019/11/23
310,6,0.04,1,1,0,0,1,0,355,6.0,--,--,old,2020/02/20
311,6,0.04,3,3,0,0,3,33.33,45,2.0,--,--,old,2019/07/27
312,6,0.04,1,1,0,0,1,0,644,6.0,--,--,old,2019/04/29
313,6,0.04,1,1,0,0,1,0,881,6.0,--,--,old,2020/02/14
314,6,0.04,1,1,0,0,1,0,2173,6.0,--,--,old,2020/01/14
315,6,0.04,4,3,0,0,3,75,109,1.5,--,--,old,2019/05/10
316,6,0.04,3,2,0,0,2,66.67,254,2.0,--,--,old,2019/03/18
317,6,0.04,1,1,0,0,1,0,1999,6.0,--,--,old,2019/05/06
318,5,0.04,2,2,0,0,2,0,13,2.5,--,--,old,2019/06/25
319,5,0.04,2,2,0,0,2,50,149,2.5,--,--,old,2019/06/23
320,5,0.04,2,1,0,0,1,0,339,2.5,--,--,old,2019/04/06
321,5,0.04,2,2,0,0,2,50,80,2.5,--,--,old,2019/07/03
322,5,0.04,2,1,0,0,1,0,261,2.5,--,--,old,2019/07/06
323,5,0.04,4,3,0,0,3,75,204,1.25,--,--,old,2019/06/17
324,5,0.04,3,2,0,0,2,33.33,580,1.67,--,--,old,2019/06/01
325,5,0.04,1,1,0,0,1,0,318,5.0,--,--,old,2019/09/22
326,5,0.04,2,2,0,0,2,0,218,2.5,--,--,old,2020/03/27
327,5,0.04,2,1,0,0,1,50,222,2.5,--,--,old,2019/11/01
328,5,0.04,3,3,0,0,3,33.33,43,1.67,--,--,old,2019/05/24
329,5,0.04,3,2,0,0,2,33.33,1378,1.67,--,--,old,2019/07/01
330,4,0.03,1,1,0,0,1,0,109,4.0,--,--,old,2019/07/03
331,4,0.03,1,1,0,0,1,0,173,4.0,--,--,old,2019/09/26
332,4,0.03,1,1,0,0,1,0,118,4.0,--,--,old,2019/04/12
333,4,0.03,1,1,0,0,1,0,28,4.0,--,--,old,2019/05/18
334,4,0.03,1,1,0,0,1,0,839,4.0,--,--,old,2019/07/10
335,4,0.03,1,1,0,0,1,0,241,4.0,--,--,old,2019/10/01
336,4,0.03,1,1,0,0,1,0,19,4.0,--,--,old,2019/04/11
337,4,0.03,2,1,0,0,1,0,333,2.0,--,--,old,2019/06/08
338,4,0.03,1,1,0,0,1,0,38,4.0,--,--,old,2019/03/04
339,4,0.03,2,2,0,0,2,50,189,2.0,--,--,old,2019/03/19
340,4,0.03,2,1,0,0,1,50,6,2.0,--,--,old,2019/03/23
341,4,0.03,1,1,0,0,1,0,76,4.0,--,--,old,2020/04/04
342,4,0.03,1,1,0,0,1,0,910,4.0,--,--,old,2019/04/07
343,4,0.03,2,2,0,0,2,50,591,2.0,--,--,old,2019/09/20
344,3,0.02,1,1,0,0,1,0,1655,3.0,--,--,old,2019/09/13
345,3,0.02,1,1,0,0,1,0,35,3.0,--,--,old,2019/10/15
346,3,0.02,2,2,0,0,2,50,1406,1.5,--,--,old,2019/03/10
347,3,0.02,1,1,0,0,1,0,2288,3.0,--,--,old,2020/02/17
348,3,0.02,1,1,0,0,1,0,3037,3.0,--,--,old,2020/03/10
349,3,0.02,1,1,0,0,1,0,245,3.0,--,--,old,2019/10/03
350,3,0.02,3,1,0,0,1,100,82,1.0,--,--,old,2020/02/09
351,3,0.02,1,1,0,0,1,0,922,3.0,--,--,old,2020/02/07
352,3,0.02,1,1,0,0,1,0,104,3.0,--,--,old,2019/09/25
353,2,0.01,2,1,0,0,1,100,2,1.0,--,--,old,2019/09/12
355,2,0.01,1,1,0,0,1,0,31,2.0,--,--,old,2019/11/08
356,2,0.01,1,1,0,0,1,0,170,2.0,--,--,old,2019/06/07
357,2,0.01,1,1,0,0,1,0,18,2.0,--,--,old,2019/09/15
358,2,0.01,2,2,0,0,2,100,120,1.0,--,--,old,2019/03/14
359,2,0.01,2,2,0,0,2,100,120,1.0,--,--,old,2019/12/29
360,2,0.01,1,1,0,0,1,0,761,2.0,--,--,old,2019/06/03
361,2,0.01,1,1,0,0,1,0,8,2.0,--,--,old,2019/10/25
362,1,0.01,1,1,0,0,1,100,120,1.0,--,--,old,2020/03/24
363,1,0.01,1,1,0,0,1,100,16,1.0,--,--,old,2020/02/18
364,1,0.01,1,1,0,0,1,100,7,1.0,--,--,old,2019/07/28
365,1,0.01,1,1,0,0,1,100,120,1.0,--,--,old,2020/03/04
366,1,0.01,1,1,0,0,1,100,120,1.0,--,--,old,2020/02/15
367,1,0.01,1,1,0,0,1,100,120,1.0,--,--,old,2020/01/04
368,1,0.01,1,1,0,0,1,100,120,1.0,--,--,old,2019/05/02
369,1,0.01,1,1,0,0,1,100,120,1.0,--,--,old,2019/03/17
370,1,0.01,1,1,0,0,1,100,1,1.0,--,--,old,2019/04/30
371,1,0.01,1,1,0,0,1,100,120,1.0,--,--,old,2019/05/13
372,1,0.01,1,1,0,0,1,100,120,1.0,--,--,old,2019/08/04
373,1,0.01,1,1,0,0,1,100,6,1.0,--,--,old,2019/08/02
374,1,0.01,1,1,0,0,1,100,120,1.0,--,--,old,2019/11/17
375,1,0.01,1,1,0,0,1,100,120,1.0,--,--,old,2019/03/21
376,1,0.01,1,1,0,0,1,100,120,1.0,--,--,old,2020/03/29
377,1,0.01,1,1,0,0,1,100,4,1.0,--,--,old,2019/07/16
378,1,0.01,1,1,0,0,1,100,120,1.0,--,--,old,2019/03/28
379,1,0.01,1,1,0,0,1,100,351,1.0,--,--,old,2020/02/02
380,1,0.01,1,1,0,0,1,100,21,1.0,--,--,old,2019/05/21
